work_id,work_name,work_description,state_name,district_name,constituency_name,mp_name,category_name,sanction_order_number,sanction_date,sanctioned_amount_inr,expenditure_amount_inr,work_status,implementing_agency
MPLAD-2025-001,Integrated drinking water network and community filtration plant,"Installation of piped drinking water distribution network, 50,000 litre overhead tank, and community reverse osmosis filtration unit in Pati block.",Madhya Pradesh,Barwani,Barwani (ST),"G. S. Patel, MP (Lok Sabha)",Drinking Water,BAR/MPLAD/2024-25/W-104,2024-08-15T00:00:00.000Z,12400000,9424000,Delayed,"Public Health Engineering Department (PHED), Barwani Division"
MPLAD-2025-014,Government Higher Secondary School infrastructure and science lab upgrade,"Construction of 4 additional smart classrooms, composite science laboratory, and separate sanitation blocks for girls in Deoli tehsil.",Maharashtra,Wardha,Wardha,"N. Patil, MP (Lok Sabha)",Education,WRD/MPLAD/SAN/2024/481,2024-10-10T00:00:00.000Z,6200000,2852000,Active,"Public Works Department (PWD) Division II, Wardha"
MPLAD-2025-035,Storm-water drainage rehabilitation and flood mitigation culvert,"Reconstruction of 1.8 km reinforced cement concrete storm-water drainage canal and two cross-drainage culverts in low-lying residential sectors.",Jammu and Kashmir,Srinagar,Srinagar,"A. M. Lone, MP (Lok Sabha)",Sanitation & Drainage,SGR/DEV/MPLAD/2025/112,2024-06-20T00:00:00.000Z,8450000,3464500,Delayed,"Srinagar Municipal Corporation (Engineering Wing)"
MPLAD-2025-044,Primary Health Centre diagnostic equipment and solar backup installation,"Procurement of semi-automated biochemistry analyzers, digital X-ray machine, and 10 kW rooftop solar photovoltaic power system for uninterrupted emergency care.",Kerala,Kottayam,Kottayam,"K. Thomas, MP (Lok Sabha)",Healthcare,KTM/COL/MPLAD/24-25/089,2024-11-05T00:00:00.000Z,3980000,1512400,Active,"National Health Mission / District Medical Officer, Kottayam"
MPLAD-2025-052,Rural connectivity road with protective retaining wall in hilly terrain,"Construction of 2.4 km bitumen macadam all-weather road connecting isolated tribal hamlets with block headquarters, including stone masonry retaining walls.",Maharashtra,Pune,Baramati,"S. R. Sule, MP (Lok Sabha)",Roads & Pathways,PUN/ZILLA/MPLADS/2024/761,2024-05-12T00:00:00.000Z,9500000,9500000,Completed,"Rural Engineering Department (Zilla Parishad), Pune"
MPLAD-2025-061,Sub-district library\, digital knowledge centre and reading room,"Construction of public reading facility equipped with 20 computer terminals, high-speed internet connectivity, and competitive examination resource section.",Maharashtra,Nagpur,Nagpur,"N. J. Gadkari, MP (Lok Sabha)",Education,NGP/COLL/DEV/2024/319,2024-04-18T00:00:00.000Z,4800000,4800000,Completed,"Nagpur Improvement Trust (NIT)"
MPLAD-2025-073,Community multi-purpose hall for agricultural self-help groups,"Construction of 3,500 sq ft RCC community hall with produce grading floor and solar lighting for farmer producer organizations and women's SHGs.",Madhya Pradesh,Dhar,Dhar (ST),"C. S. Malviya, MP (Lok Sabha)",Community Infrastructure,DHAR/MPLAD/SANCT/2024/902,2024-09-02T00:00:00.000Z,5500000,3850000,Active,"Rural Engineering Services (RES), Dhar Division"
MPLAD-2025-088,Solar micro-grid electrification and public street lighting in remote villages,"Installation of 120 standalone solar LED street lighting systems and two centralized solar mini-grids for tribal settlements without grid access.",Madhya Pradesh,Khargone,Khargone,"G. B. Patel, MP (Lok Sabha)",Renewable Energy,KGN/MPLAD/ADM/2024/1043,2024-07-28T00:00:00.000Z,4200000,4120000,Completed,"Madhya Pradesh Urja Vikas Nigam Limited (MPUVNL)"
MPLAD-2025-095,Underground sewerage collection pipeline and septic treatment chamber,"Laying of 3.2 km high-density polyethylene underground sewer lines and construction of decentralized anaerobic baffle reactor septic unit.",Maharashtra,Wardha,Wardha,"N. Patil, MP (Lok Sabha)",Sanitation & Drainage,WRD/MPLAD/SAN/2025/104,2025-01-14T00:00:00.000Z,7800000,1950000,Active,"Maharashtra Jeevan Pradhikaran (MJP), Wardha"
MPLAD-2025-102,Veterinary clinical dispensary and artificial insemination center,"Construction of modern veterinary clinic building, cold storage for livestock vaccines, and mobile clinical equipment kit for rural livestock farmers.",Madhya Pradesh,Barwani,Barwani (ST),"G. S. Patel, MP (Lok Sabha)",Animal Husbandry,BAR/MPLAD/2025/VET-05,2025-02-01T00:00:00.000Z,3100000,620000,Active,"Department of Animal Husbandry & Dairying, Barwani"
